<?xml version="1.0" encoding="UTF-8"?>
<project-private xmlns="http://www.netbeans.org/ns/project-private/1">
    <editor-bookmarks xmlns="http://www.netbeans.org/ns/editor-bookmarks/2" lastBookmarkId="0"/>
    <open-files xmlns="http://www.netbeans.org/ns/projectui-open-files/2">
        <group>
            <file>file:/C:/Users/mauroandres/Documents/NetBeansProjects/TP1Juarez/src/ar/edu/ubp/tc/Symbol.java</file>
            <file>file:/C:/Users/mauroandres/Documents/NetBeansProjects/TP1Juarez/src/ar/edu/ubp/tc/tp1juarezBaseListener.java</file>
            <file>file:/C:/Users/mauroandres/Documents/NetBeansProjects/TP1Juarez/src/ar/edu/ubp/tc/Func.java</file>
            <file>file:/C:/Users/mauroandres/Documents/NetBeansProjects/TP1Juarez/CodigoFuenteEjemplo.c</file>
            <file>file:/C:/Users/mauroandres/Documents/NetBeansProjects/TP1Juarez/src/ar/edu/ubp/tc/Main.java</file>
            <file>file:/C:/Users/mauroandres/Documents/NetBeansProjects/TP1Juarez/src/ar/edu/ubp/tc/tp1juarez.g4</file>
        </group>
    </open-files>
</project-private>
